{
  "ReRoutes": [
    {
      "DownstreamPathTemplate": "/api/BlockFlight/AllFlightDetails",
      "DownstreamScheme": "http",
      "DownstreamHost": "localhost",
      "DownstreamPort": 8900,
      "UpstreamPathTemplate": "/api/BlockFlight/AllFlightDetails",
      "UpstreamHttpMethod": [ "Get" ],
      "QoSOptions": {
        "ExceptionsAllowedBeforeBreaking": 3,
        "DurationOfBreak": 10,
        "TimeoutValue": 5000
      }
    },
    {
      "DownstreamPathTemplate": "/api/BlockFlight/AddFlight",
      "DownstreamScheme": "http",
      "DownstreamHost": "localhost",
      "DownstreamPort": 8900,
      "UpstreamPathTemplate": "/api/BlockFlight/AddFlight",
      "UpstreamHttpMethod": [ "Post" ],
      "QoSOptions": {
        "ExceptionsAllowedBeforeBreaking": 3,
        "DurationOfBreak": 10,
        "TimeoutValue": 5000
      }
    },
    {
      "DownstreamPathTemplate": "/api/BlockFlight/BlockFlight",
      "DownstreamScheme": "http",
      "DownstreamHost": "localhost",
      "DownstreamPort": 8900,
      "UpstreamPathTemplate": "/api/BlockFlight/BlockFlight",
      "UpstreamHttpMethod": [ "Delete" ],
      "QoSOptions": {
        "ExceptionsAllowedBeforeBreaking": 3,
        "DurationOfBreak": 10,
        "TimeoutValue": 5000
      }
    },
    {
      "DownstreamPathTemplate": "/api/Login/AdminLogin",
      "DownstreamScheme": "http",
      "DownstreamHost": "localhost",
      "DownstreamPort": 8900,
      "UpstreamPathTemplate": "/api/Login/AdminLogin",
      "UpstreamHttpMethod": [ "Post" ],
      "QoSOptions": {
        "ExceptionsAllowedBeforeBreaking": 3,
        "DurationOfBreak": 10,
        "TimeoutValue": 5000
      }
    },
    {
      "DownstreamPathTemplate": "/api/LoginUser/UserLogin",
      "DownstreamScheme": "http",
      "DownstreamHost": "localhost",
      "DownstreamPort": 8910,
      "UpstreamPathTemplate": "/api/LoginUser/UserLogin",
      "UpstreamHttpMethod": [ "Post" ],
      "QoSOptions": {
        "ExceptionsAllowedBeforeBreaking": 3,
        "DurationOfBreak": 10,
        "TimeoutValue": 5000
      }
    },
    {
      "DownstreamPathTemplate": "/api/Registration/RegisterUser",
      "DownstreamScheme": "http",
      "DownstreamHost": "localhost",
      "DownstreamPort": 8910,
      "UpstreamPathTemplate": "/api/Registration/RegisterUser",
      "UpstreamHttpMethod": [ "Post" ],
      "QoSOptions": {
        "ExceptionsAllowedBeforeBreaking": 3,
        "DurationOfBreak": 10,
        "TimeoutValue": 5000
      }
    },
    {
      "DownstreamPathTemplate": "/api/Bookings/GetAllFlights",
      "DownstreamScheme": "http",
      "DownstreamHost": "localhost",
      "DownstreamPort": 8920,
      "UpstreamPathTemplate": "/api/Bookings/GetAllFlights",
      "UpstreamHttpMethod": [ "Get" ],
      "QoSOptions": {
        "ExceptionsAllowedBeforeBreaking": 3,
        "DurationOfBreak": 10,
        "TimeoutValue": 5000
      }
    },
    {
      "DownstreamPathTemplate": "/api/Bookings/GetFlightsBySearch",
      "DownstreamScheme": "http",
      "DownstreamHost": "localhost",
      "DownstreamPort": 8920,
      "UpstreamPathTemplate": "/api/Bookings/GetFlightsBySearch",
      "UpstreamHttpMethod": [ "Post" ],
      "QoSOptions": {
        "ExceptionsAllowedBeforeBreaking": 3,
        "DurationOfBreak": 10,
        "TimeoutValue": 5000
      }
    },
    {
      "DownstreamPathTemplate": "/api/Bookings/FlightTicketBooking",
      "DownstreamScheme": "http",
      "DownstreamHost": "localhost",
      "DownstreamPort": 8920,
      "UpstreamPathTemplate": "/api/Bookings/FlightTicketBooking",
      "UpstreamHttpMethod": [ "Post" ],
      "QoSOptions": {
        "ExceptionsAllowedBeforeBreaking": 3,
        "DurationOfBreak": 10,
        "TimeoutValue": 5000
      }
    },
    {
      "DownstreamPathTemplate": "/api/Bookings/CancelTicket",
      "DownstreamScheme": "http",
      "DownstreamHost": "localhost",
      "DownstreamPort": 8920,
      "UpstreamPathTemplate": "/api/Bookings/CancelTicket",
      "UpstreamHttpMethod": [ "Put" ],
      "QoSOptions": {
        "ExceptionsAllowedBeforeBreaking": 3,
        "DurationOfBreak": 10,
        "TimeoutValue": 5000
      }
    },
    {
      "DownstreamPathTemplate": "/api/Bookings/SearchTicket",
      "DownstreamScheme": "http",
      "DownstreamHost": "localhost",
      "DownstreamPort": 8920,
      "UpstreamPathTemplate": "/api/Bookings/SearchTicket",
      "UpstreamHttpMethod": [ "Get" ],
      "QoSOptions": {
        "ExceptionsAllowedBeforeBreaking": 3,
        "DurationOfBreak": 10,
        "TimeoutValue": 5000
      }
    },
    {
      "DownstreamPathTemplate": "/api/Schedule/ScheduleFlight",
      "DownstreamScheme": "http",
      "DownstreamHost": "localhost",
      "DownstreamPort": 8900,
      "UpstreamPathTemplate": "/api/Schedule/ScheduleFlight",
      "UpstreamHttpMethod": [ "Post" ],
      "QoSOptions": {
        "ExceptionsAllowedBeforeBreaking": 3,
        "DurationOfBreak": 10,
        "TimeoutValue": 5000
      }
    }
  ],
  "GlobalConfiguration": {
    "RequestIdKey": "OcRequestId",
    "AdministrationPath": "/administration"
  }
}
